{
   "train": {
      "loss": [
         5.542802333831787
      ],
      "accuracy": [
         0.02031249925494194
      ]
   },
   "val": {
      "loss": [
         0.0
      ],
      "accuracy": [
         0.0
      ]
   }
}