{"train": {"loss": [1.486905813217163, 1.326600432395935, 1.2010921239852905, 1.0953481197357178, 1.0445191860198975, 0.9934141635894775, 0.9801732301712036, 0.9824900031089783, 0.9709493517875671, 0.9697483777999878], "accuracy": [0.35549336671829224, 0.44947996735572815, 0.5172266960144043, 0.5665334463119507, 0.5889728665351868, 0.6083464622497559, 0.6118396520614624, 0.6119463443756104, 0.6200530529022217, 0.6205325722694397]}, "val": {"loss": [1.4774248600006104, 1.4229217767715454, 1.3126966953277588, 1.2003763914108276, 1.2007546424865723, 1.1623705625534058, 1.1603602170944214, 1.1508272886276245, 1.121126651763916, 1.1374307870864868], "accuracy": [0.36662235856056213, 0.4122002422809601, 0.46444427967071533, 0.51853346824646, 0.5136886239051819, 0.5332890152931213, 0.5316002368927002, 0.5350668430328369, 0.5506222248077393, 0.5428000688552856]}}