{"train": {"loss": [1.404524564743042, 1.2476954460144043, 1.1302688121795654, 1.0332043170928955, 0.988297700881958, 0.9043138027191162, 0.896558403968811, 0.8543559908866882, 0.8317180275917053, 0.8162645697593689], "accuracy": [0.41603973507881165, 0.4965335428714752, 0.5536393523216248, 0.59421306848526, 0.6185067296028137, 0.6481199264526367, 0.6543990969657898, 0.6686662435531616, 0.6776262521743774, 0.6837460994720459]}, "val": {"loss": [1.3693374395370483, 1.3453551530838013, 1.2132550477981567, 1.1230639219284058, 1.1238447427749634, 1.0613099336624146, 1.0395667552947998, 1.0213147401809692, 1.0254087448120117, 1.0078333616256714], "accuracy": [0.4321334958076477, 0.45297765731811523, 0.5122886300086975, 0.5521557331085205, 0.5551554560661316, 0.5767329335212708, 0.5836004018783569, 0.5937559008598328, 0.5956442356109619, 0.6022664308547974]}}