{"train": {"loss": [2.2839128971099854, 1.8158437013626099, 1.6116077899932861, 1.5168498754501343, 1.4916118383407593, 1.4944502115249634, 1.4914827346801758, 1.4921530485153198, 1.4945414066314697, 1.4927493333816528, 1.4887275695800781, 1.4860303401947021, 1.4927605390548706, 1.4963645935058594, 1.4941039085388184], "accuracy": [0.30920839309692383, 0.43831366300582886, 0.49516215920448303, 0.5222532749176025, 0.5286163091659546, 0.5269742608070374, 0.5279862880706787, 0.5276947021484375, 0.5262497663497925, 0.5274631381034851, 0.5293132066726685, 0.5301381349563599, 0.5278931260108948, 0.5268977880477905, 0.5268642902374268]}, "val": {"loss": [1.9652419090270996, 1.806957483291626, 1.7519346475601196, 1.7255964279174805, 1.7197704315185547, 1.7206171751022339, 1.7155712842941284, 1.7151857614517212, 1.7091060876846313, 1.718775749206543, 1.717865228652954, 1.718824863433838, 1.7148772478103638, 1.7164368629455566, 1.7165824174880981], "accuracy": [0.31717655062675476, 0.362876832485199, 0.37906983494758606, 0.3859896957874298, 0.38736340403556824, 0.3861270546913147, 0.3877331614494324, 0.3880464732646942, 0.3895599842071533, 0.3867497444152832, 0.386923223733902, 0.38696008920669556, 0.38814350962638855, 0.38818666338920593, 0.38665351271629333]}}