{"train": {"loss": [3.400390625, 3.400390625, 3.400390625, 3.400390625, 3.400390625, 3.400390625, 3.400390625, 3.400390625, 3.400390625, 3.400390625, 3.400390625, 3.400390625, 3.400390625, 3.400390625, 3.400390625, 3.400390625, 3.400390625, 3.400390625, 3.400390625, 3.400390625, 3.400390625, 3.400390625, 3.400390625, 3.400390625, 3.400390625, 3.400390625, 3.400390625, 3.400390625, 3.400390625, 3.400390625, 3.400390625, 3.400390625, 3.400390625, 3.400390625, 3.400390625, 3.400390625, 3.400390625, 3.400390625, 3.400390625, 3.400390625, 3.400390625, 3.400390625, 3.400390625, 3.400390625, 3.400390625, 3.400390625, 3.400390625, 3.400390625, 3.400390625, 3.400390625, 3.400390625], "accuracy": [0.03339998424053192, 0.03333331644535065, 0.03333331644535065, 0.03333331644535065, 0.03333331644535065, 0.03333331644535065, 0.03333331644535065, 0.03333331644535065, 0.03333331644535065, 0.03333331644535065, 0.03333331644535065, 0.03333331644535065, 0.03333331644535065, 0.03333331644535065, 0.03333331644535065, 0.03333331644535065, 0.03333331644535065, 0.03333331644535065, 0.03333331644535065, 0.03333331644535065, 0.03333331644535065, 0.03333331644535065, 0.03333331644535065, 0.03333331644535065, 0.03333331644535065, 0.03333331644535065, 0.03333331644535065, 0.03333331644535065, 0.03333331644535065, 0.03333331644535065, 0.03333331644535065, 0.03333331644535065, 0.03333331644535065, 0.03333331644535065, 0.03333331644535065, 0.03333331644535065, 0.03333331644535065, 0.03333331644535065, 0.03333331644535065, 0.03333331644535065, 0.03333331644535065, 0.03333331644535065, 0.03333331644535065, 0.03333331644535065, 0.03333331644535065, 0.03333331644535065, 0.03333331644535065, 0.03333331644535065, 0.03333331644535065, 0.03333331644535065, 0.03333331644535065]}, "val": {"loss": [1.609375, 1.609375, 1.609375, 1.609375, 1.609375, 1.609375, 1.609375, 1.609375, 1.609375, 1.609375, 1.609375, 1.609375, 1.609375, 1.609375, 1.609375, 1.609375, 1.609375, 1.609375, 1.609375, 1.609375, 1.609375, 1.609375, 1.609375, 1.609375, 1.609375, 1.609375, 1.609375, 1.609375, 1.609375, 1.609375, 1.609375, 1.609375, 1.609375, 1.609375, 1.609375, 1.609375, 1.609375, 1.609375, 1.609375, 1.609375, 1.609375, 1.609375, 1.609375, 1.609375, 1.609375, 1.609375, 1.609375, 1.609375, 1.609375, 1.609375, 1.609375], "accuracy": [0.20000003278255463, 0.20000003278255463, 0.20000003278255463, 0.20000003278255463, 0.20000003278255463, 0.20000003278255463, 0.20000003278255463, 0.20000003278255463, 0.20000003278255463, 0.20000003278255463, 0.20000003278255463, 0.20000003278255463, 0.20000003278255463, 0.20000003278255463, 0.20000003278255463, 0.20000003278255463, 0.20000003278255463, 0.20000003278255463, 0.20000003278255463, 0.20000003278255463, 0.20000003278255463, 0.20000003278255463, 0.20000003278255463, 0.20000003278255463, 0.20000003278255463, 0.20000003278255463, 0.20000003278255463, 0.20000003278255463, 0.20000003278255463, 0.20000003278255463, 0.20000003278255463, 0.20000003278255463, 0.20000003278255463, 0.20000003278255463, 0.20000003278255463, 0.20000003278255463, 0.20000003278255463, 0.20000003278255463, 0.20000003278255463, 0.20000003278255463, 0.20000003278255463, 0.20000003278255463, 0.20000003278255463, 0.20000003278255463, 0.20000003278255463, 0.20000003278255463, 0.20000003278255463, 0.20000003278255463, 0.20000003278255463, 0.20000003278255463, 0.20000003278255463]}}