{"train": {"loss": [3.573331594467163, 3.087986707687378, 2.9730112552642822, 2.898588180541992, 2.8018126487731934, 2.7354650497436523, 2.618497848510742, 2.582103967666626, 2.5238356590270996, 2.593987464904785, 2.4572854042053223, 2.4054019451141357, 2.396254539489746, 2.348233222961426, 2.3260138034820557, 2.346917152404785, 2.2866616249084473, 2.304595708847046, 2.2347898483276367, 2.229527235031128, 2.199728488922119, 2.219174861907959, 2.1734392642974854, 2.166245937347412, 2.1276586055755615, 2.104024648666382, 2.098517656326294, 2.0504214763641357, 2.072252035140991, 2.0490643978118896, 2.015561580657959, 2.0093414783477783, 1.97562575340271, 2.0004262924194336, 1.9709270000457764, 2.010605812072754, 1.9461675882339478, 1.9637261629104614, 1.9569019079208374, 1.9238135814666748, 1.8994927406311035, 1.9093163013458252, 1.8778769969940186, 1.8685435056686401, 1.8550176620483398, 2.030306577682495, 2.0480613708496094, 1.9035983085632324, 1.8561855554580688, 1.8527477979660034, 1.8588072061538696, 1.8314799070358276, 1.7966084480285645, 1.8176674842834473, 1.80266535282135, 1.7933250665664673, 1.7462873458862305, 1.7466636896133423, 1.7609601020812988, 1.7766815423965454, 1.7359459400177002, 1.7367664575576782, 1.7340015172958374, 1.7339553833007812, 1.7314115762710571, 1.7064576148986816, 1.6886235475540161, 1.6899601221084595, 1.6937401294708252, 1.687106966972351, 1.6629855632781982, 1.6604619026184082, 1.6638777256011963, 1.6697571277618408, 1.647101879119873, 1.6564826965332031, 1.6298959255218506], "accuracy": [0.07831111550331116, 0.14544440805912018, 0.17024444043636322, 0.1906222552061081, 0.2064666897058487, 0.2256888747215271, 0.2566443979740143, 0.2642221748828888, 0.2820221781730652, 0.2624666392803192, 0.2978666424751282, 0.30935561656951904, 0.31062212586402893, 0.322977751493454, 0.3236444592475891, 0.3229333758354187, 0.33613336086273193, 0.3345778286457062, 0.34966668486595154, 0.35048890113830566, 0.3602222800254822, 0.3566221594810486, 0.3651777505874634, 0.36617782711982727, 0.3780888617038727, 0.3814445436000824, 0.3858667016029358, 0.39655572175979614, 0.3940444886684418, 0.40068888664245605, 0.4091778099536896, 0.4103333652019501, 0.4177333414554596, 0.4125555157661438, 0.4216000735759735, 0.4127778708934784, 0.42984434962272644, 0.4245777130126953, 0.42344439029693604, 0.4327332377433777, 0.44073325395584106, 0.43628883361816406, 0.4452221691608429, 0.44573330879211426, 0.4478222131729126, 0.41153326630592346, 0.4027999937534332, 0.4400444030761719, 0.45382222533226013, 0.4547111392021179, 0.4510888159275055, 0.45817774534225464, 0.46655547618865967, 0.46164435148239136, 0.4654666483402252, 0.4680221974849701, 0.4770222008228302, 0.47833338379859924, 0.48033320903778076, 0.4738444983959198, 0.4833110570907593, 0.48297786712646484, 0.4837777614593506, 0.48451119661331177, 0.48555561900138855, 0.49026668071746826, 0.4941776990890503, 0.4959111511707306, 0.49519991874694824, 0.49442213773727417, 0.5027112364768982, 0.5047333240509033, 0.5023778676986694, 0.5019556283950806, 0.5063333511352539, 0.5009556412696838, 0.5140888690948486]}, "val": {"loss": [1.5724341869354248, 1.5698421001434326, 1.6016030311584473, 1.69402277469635, 1.6675180196762085, 1.4981759786605835, 1.4937520027160645, 1.4876219034194946, 1.5551059246063232, 1.430821180343628, 1.5728201866149902, 1.4465943574905396, 1.5386427640914917, 1.4587817192077637, 1.440121054649353, 1.4493951797485352, 1.4105526208877563, 1.4466743469238281, 1.4547888040542603, 1.533940315246582, 1.4849421977996826, 1.402052402496338, 1.4247512817382812, 1.3403599262237549, 1.354241132736206, 1.4323296546936035, 1.3767110109329224, 1.3998007774353027, 1.3654091358184814, 1.387392520904541, 1.393402099609375, 1.5374729633331299, 1.406523585319519, 1.3979045152664185, 1.3651988506317139, 1.399701714515686, 1.3772680759429932, 1.378798246383667, 1.34291410446167, 1.4431121349334717, 1.4512993097305298, 1.437612771987915, 1.406631588935852, 1.3660136461257935, 1.3158105611801147, 1.5450838804244995, 1.4038869142532349, 1.3719656467437744, 1.5469045639038086, 1.3964725732803345, 1.3800219297409058, 1.416331171989441, 1.5032330751419067, 1.4041955471038818, 1.3425596952438354, 1.3180285692214966, 1.3688076734542847, 1.3651139736175537, 1.33437180519104, 1.3825777769088745, 1.4571765661239624, 1.3450345993041992, 1.4776798486709595, 1.3777645826339722, 1.3755443096160889, 1.33290433883667, 1.4039193391799927, 1.4377069473266602, 1.31990385055542, 1.4078125953674316, 1.4072914123535156, 1.5300707817077637, 1.456552267074585, 1.4203952550888062, 1.4219201803207397, 1.4854669570922852, 1.5532982349395752], "accuracy": [0.387999951839447, 0.4007999300956726, 0.4323999285697937, 0.4548000395298004, 0.4468000531196594, 0.503600001335144, 0.4896000325679779, 0.520799994468689, 0.507599949836731, 0.5387998819351196, 0.5283999443054199, 0.5455999970436096, 0.5295999050140381, 0.5579999685287476, 0.5796000957489014, 0.549599826335907, 0.5584002137184143, 0.5667999982833862, 0.5719999670982361, 0.5323999524116516, 0.5660001039505005, 0.5811999440193176, 0.568399965763092, 0.5956000089645386, 0.5964000821113586, 0.5775998830795288, 0.595599889755249, 0.598800003528595, 0.5827999711036682, 0.5752001404762268, 0.605199933052063, 0.5823999643325806, 0.5764000415802002, 0.5911998748779297, 0.6128000020980835, 0.5831998586654663, 0.5915999412536621, 0.5983999967575073, 0.600399911403656, 0.5699999928474426, 0.6023998856544495, 0.5807999968528748, 0.5931999683380127, 0.5911999940872192, 0.6020000576972961, 0.531999945640564, 0.5891999006271362, 0.5956000685691833, 0.573199987411499, 0.5951999425888062, 0.6032000184059143, 0.5927999019622803, 0.5775998830795288, 0.605199933052063, 0.6091998815536499, 0.6171998381614685, 0.6111999154090881, 0.6159999370574951, 0.6219998598098755, 0.5940000414848328, 0.6159998178482056, 0.6152000427246094, 0.6012000441551208, 0.6167998313903809, 0.6163999438285828, 0.6255998015403748, 0.6119999885559082, 0.6155998706817627, 0.6163999438285828, 0.6132000088691711, 0.612800121307373, 0.5812000036239624, 0.5856000781059265, 0.6064000129699707, 0.6156001687049866, 0.578000009059906, 0.5851999521255493]}}