{
   "train": {
      "loss": [
         3.17510986328125,
         3.0271108150482178,
         2.9162094593048096,
         2.817993402481079,
         2.697615385055542,
         2.607166051864624,
         2.5313196182250977,
         2.4766602516174316,
         2.448535680770874,
         2.386261224746704,
         2.348283290863037,
         2.326220750808716,
         2.277653694152832,
         2.2221531867980957,
         2.206779956817627,
         2.1640665531158447,
         2.1499149799346924,
         2.152453660964966,
         2.097975730895996,
         2.096773386001587,
         2.049316883087158,
         2.0259928703308105,
         2.043820858001709,
         2.012995719909668,
         1.9905773401260376,
         1.9693547487258911,
         1.9708068370819092,
         1.9639450311660767,
         1.9184967279434204,
         1.9154454469680786,
         1.8889949321746826,
         1.8854037523269653,
         1.8833913803100586,
         1.8859673738479614,
         1.8690886497497559,
         1.871679425239563,
         1.859532117843628,
         1.8333325386047363,
         1.8063818216323853,
         1.7939269542694092,
         1.7897536754608154,
         1.7824413776397705,
         1.7404707670211792,
         1.7406388521194458,
         1.7564641237258911,
         1.745031476020813,
         1.7337478399276733,
         1.7497503757476807,
         1.73661208152771,
         1.691117286682129,
         1.7207565307617188,
         1.7084321975708008,
         1.682206630706787,
         1.6880712509155273,
         1.6794832944869995,
         1.6862047910690308,
         1.6391823291778564,
         1.6510308980941772,
         1.6695921421051025,
         1.6523329019546509,
         1.657047986984253,
         1.6262162923812866,
         1.6369627714157104,
         1.6322723627090454,
         1.6161553859710693,
         1.6242669820785522,
         1.6055793762207031,
         1.6260913610458374,
         1.6266628503799438,
         1.5846145153045654,
         1.564834475517273,
         1.5945674180984497,
         1.5625213384628296,
         1.5897024869918823,
         1.5900359153747559,
         1.5482128858566284
      ],
      "accuracy": [
         0.13004444539546967,
         0.16866669058799744,
         0.1914445161819458,
         0.21673333644866943,
         0.23988887667655945,
         0.26568886637687683,
         0.28617778420448303,
         0.3003999590873718,
         0.3067777752876282,
         0.32111111283302307,
         0.32988888025283813,
         0.33195561170578003,
         0.3452000319957733,
         0.35935550928115845,
         0.3635110557079315,
         0.37611106038093567,
         0.38019996881484985,
         0.3769555389881134,
         0.39044445753097534,
         0.38762223720550537,
         0.40219998359680176,
         0.4078443944454193,
         0.4063333570957184,
         0.4115999937057495,
         0.4188222587108612,
         0.42302215099334717,
         0.4229999780654907,
         0.42548882961273193,
         0.43635550141334534,
         0.43719998002052307,
         0.44275546073913574,
         0.44677770137786865,
         0.44613346457481384,
         0.4461556673049927,
         0.4470888376235962,
         0.4499555826187134,
         0.4524666666984558,
         0.456022173166275,
         0.4635776877403259,
         0.4654443860054016,
         0.46908894181251526,
         0.47288891673088074,
         0.48295554518699646,
         0.4793553948402405,
         0.4792223274707794,
         0.47995543479919434,
         0.4838222861289978,
         0.4836665987968445,
         0.4843776226043701,
         0.4948667585849762,
         0.4875778555870056,
         0.4913555085659027,
         0.497000128030777,
         0.49666664004325867,
         0.49895548820495605,
         0.4965333640575409,
         0.5069776773452759,
         0.5082667469978333,
         0.5055332779884338,
         0.5047776699066162,
         0.5049111247062683,
         0.5132221579551697,
         0.5121333599090576,
         0.5116888284683228,
         0.5162222385406494,
         0.5116443037986755,
         0.5198221206665039,
         0.5120444297790527,
         0.5155778527259827,
         0.5219556093215942,
         0.528889000415802,
         0.5227110385894775,
         0.5337778329849243,
         0.5210445523262024,
         0.5226442813873291,
         0.5330222845077515
      ]
   },
   "val": {
      "loss": [
         1.231886863708496,
         1.1996135711669922,
         1.0939743518829346,
         1.0077669620513916,
         1.0060917139053345,
         0.945115864276886,
         0.8947015404701233,
         0.9295168519020081,
         0.8715314269065857,
         0.857822060585022,
         0.8712335824966431,
         0.8827475905418396,
         0.8190035223960876,
         0.9185400605201721,
         0.8397017121315002,
         0.8153092265129089,
         0.8433331251144409,
         0.8224136233329773,
         0.8309915065765381,
         0.8319904208183289,
         0.8367437720298767,
         0.7470632791519165,
         0.8062915205955505,
         0.7807669043540955,
         0.7613143920898438,
         0.7230109572410583,
         0.7873958349227905,
         0.6929694414138794,
         0.7560174465179443,
         0.7508465647697449,
         0.7558366656303406,
         0.7600719332695007,
         0.7282875776290894,
         0.7178568840026855,
         0.7631013989448547,
         0.7179663181304932,
         0.75974440574646,
         0.7345283031463623,
         0.7584361433982849,
         0.7355611324310303,
         0.7641687989234924,
         0.7002527713775635,
         0.731243371963501,
         0.7706133127212524,
         0.7242652177810669,
         0.7400150895118713,
         0.7616822123527527,
         0.7265225052833557,
         0.7163710594177246,
         0.734836220741272,
         0.7016214728355408,
         0.7434654235839844,
         0.723472535610199,
         0.7346694469451904,
         0.7119568586349487,
         0.6854602694511414,
         0.7287505269050598,
         0.7490865588188171,
         0.6770392060279846,
         0.7421140074729919,
         0.7120837569236755,
         0.7358934283256531,
         0.7271256446838379,
         0.7108075022697449,
         0.7241663336753845,
         0.7252765893936157,
         0.727721631526947,
         0.6651079058647156,
         0.7336333990097046,
         0.6824349164962769,
         0.6590898633003235,
         0.6996809244155884,
         0.6814387440681458,
         0.6973399519920349,
         0.7108107805252075,
         0.7888424396514893
      ],