{"train": {"loss": [4.524115085601807, 4.522299766540527, 4.519991874694824, 4.515844345092773, 4.507686138153076, 4.495523452758789, 4.478645324707031, 4.473388195037842, 4.467739105224609, 4.45933723449707, 4.457742214202881, 4.450916290283203, 4.439706325531006, 4.409612655639648, 4.408431529998779, 4.407741546630859, 4.39899206161499, 4.39634895324707, 4.390303134918213, 4.381082057952881, 4.382425308227539, 4.379258632659912, 4.375147342681885, 4.370628833770752, 4.378167629241943, 4.363491058349609, 4.360175609588623, 4.373365879058838, 4.368226528167725, 4.354612350463867, 4.3633222579956055, 4.358462810516357, 4.35783576965332, 4.352489471435547, 4.356698036193848, 4.352035045623779, 4.355490207672119, 4.351044654846191, 4.354785919189453, 4.3444061279296875, 4.351356506347656, 4.351072311401367, 4.351760387420654, 4.346555233001709, 4.343498706817627, 4.340289115905762, 4.347625255584717, 4.33444356918335, 4.3398919105529785, 4.346096992492676, 4.343653678894043, 4.339285850524902, 4.34761905670166, 4.335321426391602, 4.348767280578613, 4.334112167358398, 4.330904483795166, 4.334427356719971, 4.33280086517334, 4.331984996795654, 4.333665370941162, 4.340277194976807, 4.339015960693359, 4.345405578613281, 4.342912673950195, 4.3464789390563965, 4.343462944030762, 4.322171688079834, 4.3436784744262695, 4.3328046798706055, 4.333467483520508, 4.341772556304932, 4.334702014923096, 4.353985786437988, 4.335875034332275, 4.337143421173096, 4.337775707244873, 4.336087226867676, 4.336343765258789, 4.3279128074646, 4.341604232788086, 4.332849502563477, 4.327840805053711, 4.330563068389893, 4.337558746337891, 4.338784694671631, 4.329591274261475, 4.3276286125183105, 4.3291239738464355, 4.341992378234863, 4.33434534072876, 4.33290433883667, 4.339071750640869, 4.327821254730225, 4.334939479827881, 4.3283891677856445, 4.3212666511535645, 4.329523086547852, 4.330439567565918, 4.327134609222412, 4.328200817108154, 4.335029602050781, 4.334972381591797, 4.334149360656738, 4.332688331604004, 4.334121227264404, 4.339901924133301, 4.337808609008789, 4.3343119621276855, 4.337370872497559, 4.334474086761475, 4.3364081382751465, 4.329034328460693, 4.345682144165039, 4.338876724243164, 4.3455729484558105, 4.332351207733154, 4.334327697753906, 4.33889102935791, 4.330634117126465], "accuracy": [0.03446664661169052, 0.034222207963466644, 0.035977765917778015, 0.03928888589143753, 0.048688892275094986, 0.06139998883008957, 0.06802220642566681, 0.06993333250284195, 0.07271108776330948, 0.07099997252225876, 0.07248887419700623, 0.07186665385961533, 0.0713110864162445, 0.07039997726678848, 0.06791108846664429, 0.07037776708602905, 0.07079998403787613, 0.07182221114635468, 0.070866659283638, 0.07339997589588165, 0.0721999853849411, 0.07206667959690094, 0.07362222671508789, 0.0738888755440712, 0.0721110850572586, 0.07355555891990662, 0.07566667348146439, 0.0729999914765358, 0.07540000230073929, 0.07559998333454132, 0.07377777993679047, 0.0756666511297226, 0.07602222263813019, 0.07402220368385315, 0.07384441792964935, 0.07746666669845581, 0.07511110603809357, 0.07639999687671661, 0.07460000365972519, 0.07817777991294861, 0.07626666873693466, 0.07591108977794647, 0.07866665720939636, 0.07668887823820114, 0.07555557042360306, 0.07528888434171677, 0.07793333381414413, 0.07959999144077301, 0.07820000499486923, 0.07991110533475876, 0.07926664501428604, 0.0772666484117508, 0.07731112092733383, 0.07931110262870789, 0.07319999486207962, 0.07568888366222382, 0.07768887281417847, 0.07966665923595428, 0.07713332772254944, 0.08062223345041275, 0.07991109788417816, 0.07886666804552078, 0.07848888635635376, 0.07833332568407059, 0.07733332365751266, 0.07853333652019501, 0.07626666873693466, 0.08135554939508438, 0.07704444229602814, 0.07933332026004791, 0.08153333514928818, 0.07717776298522949, 0.07857776433229446, 0.07846667617559433, 0.08080001920461655, 0.07708888500928879, 0.07991112023591995, 0.07951109111309052, 0.07957776635885239, 0.07944446802139282, 0.07888888567686081, 0.08028887957334518, 0.07695554196834564, 0.07831112295389175, 0.07786665856838226, 0.0786222293972969, 0.07886664569377899, 0.08051110059022903, 0.07671110332012177, 0.0771777555346489, 0.07851109653711319, 0.07962218672037125, 0.07746664434671402, 0.08233334869146347, 0.08108887821435928, 0.0801333412528038, 0.07762221992015839, 0.07957777380943298, 0.07995554804801941, 0.0788000151515007, 0.07884443551301956, 0.07839998602867126, 0.08151108771562576, 0.07922220230102539, 0.07891111075878143, 0.08088888227939606, 0.08073332160711288, 0.07964446395635605, 0.07766666263341904, 0.07766668498516083, 0.07742221653461456, 0.07704444229602814, 0.08017777651548386, 0.07988888770341873, 0.08106665313243866, 0.07791111618280411, 0.07582220435142517, 0.08180000633001328, 0.07884442806243896, 0.07959999144077301]}, "val": {"loss": [2.731980085372925, 2.7298696041107178, 2.726341485977173, 2.7204930782318115, 2.7117433547973633, 2.6949541568756104, 2.6768810749053955, 2.6640784740448, 2.67547607421875, 2.659998893737793, 2.65134334564209, 2.6373212337493896, 2.6175453662872314, 2.6051056385040283, 2.613830804824829, 2.594851016998291, 2.5686285495758057, 2.6062533855438232, 2.5795223712921143, 2.571499824523926, 2.590402603149414, 2.570488691329956, 2.552690267562866, 2.556175947189331, 2.553234100341797, 2.5700924396514893, 2.550069808959961, 2.5725131034851074, 2.5758416652679443, 2.563110113143921, 2.55134916305542, 2.5603280067443848, 2.5360891819000244, 2.5375418663024902, 2.5487661361694336, 2.5307438373565674, 2.564846992492676, 2.5561470985412598, 2.534255027770996, 2.5463740825653076, 2.519989252090454, 2.523667097091675, 2.525381326675415, 2.54168963432312, 2.5422897338867188, 2.520210027694702, 2.543261766433716, 2.510693311691284, 2.5389926433563232, 2.5376455783843994, 2.5195891857147217, 2.52388334274292, 2.5144286155700684, 2.5334277153015137, 2.52429461479187, 2.496591806411743, 2.5288379192352295, 2.5195577144622803, 2.532731771469116, 2.516709804534912, 2.5336904525756836, 2.5294508934020996, 2.5084595680236816, 2.5258498191833496, 2.529160261154175, 2.5270166397094727, 2.515648603439331, 2.533871650695801, 2.541628837585449, 2.534118890762329, 2.5339510440826416, 2.5292770862579346, 2.5285112857818604, 2.523949384689331, 2.514622211456299, 2.534940481185913, 2.5042524337768555, 2.5181567668914795, 2.5242481231689453, 2.517949342727661, 2.508732795715332, 2.500744104385376, 2.5033910274505615, 2.5319888591766357, 2.521019697189331, 2.5229828357696533, 2.5317418575286865, 2.5183937549591064, 2.5294976234436035, 2.4992835521698, 2.505361318588257, 2.5041441917419434, 2.489837408065796, 2.5152785778045654, 2.5371904373168945, 2.5123801231384277, 2.514657497406006, 2.482572078704834, 2.514673948287964, 2.5190553665161133, 2.5228993892669678, 2.496633291244507, 2.525768756866455, 2.5256786346435547, 2.528046131134033, 2.513925552368164, 2.526010513305664, 2.5029804706573486, 2.485670566558838, 2.528071641921997, 2.520334243774414, 2.527897834777832, 2.5269665718078613, 2.513258457183838, 2.540743350982666, 2.5015549659729004, 2.477809190750122, 2.500701904296875, 2.511077404022217, 2.5486886501312256],